n_hidden,n_layers,dropout,lr,bottleneck,train loss,train accuracy,val loss,val accuracy
16,1,0.0,0.01,True,0.517572820186615,0.724526047706604,0.5203154683113098,0.7284539341926575
16,1,0.0,0.01,False,0.6839375495910645,0.5010414123535156,0.6841947436332703,0.5006543397903442
16,1,0.0,0.1,True,8.558188438415527,0.5,8.541362762451172,0.5
16,1,0.0,0.1,False,1.5750418901443481,0.5,1.5709105730056763,0.5
16,1,0.0,0.001,True,0.6502381563186646,0.5037116408348083,0.6504485607147217,0.5042998790740967
16,1,0.0,0.001,False,0.6501176953315735,0.5036582350730896,0.650492787361145,0.5036455392837524
16,1,0.0,0.0001,True,0.6792683601379395,0.5005073547363281,0.679671049118042,0.500373899936676
16,1,0.0,0.0001,False,0.6889084577560425,0.5000400543212891,0.6889464259147644,0.5001869797706604
16,1,0.3,0.01,True,0.5015936493873596,0.7354339361190796,0.5033273696899414,0.7386427521705627
16,1,0.3,0.01,False,0.5142265558242798,0.7252736687660217,0.5174026489257812,0.7301364541053772
16,1,0.3,0.1,True,3.344419479370117,0.5019893050193787,3.315483808517456,0.50271075963974
16,1,0.3,0.1,False,1.3663235902786255,0.500640869140625,1.363641381263733,0.5008412599563599
16,1,0.3,0.001,True,0.6579926609992981,0.504165530204773,0.6586084961891174,0.5037389993667603
16,1,0.3,0.001,False,0.6425725817680359,0.5067422986030579,0.6433092951774597,0.5071041584014893
16,1,0.3,0.0001,True,0.6833940148353577,0.5002937316894531,0.6835250854492188,0.5001869797706604
16,1,0.3,0.0001,False,0.69049471616745,0.5047529935836792,0.6906535029411316,0.5040194392204285
16,1,0.5,0.01,True,0.5342631936073303,0.7306408286094666,0.5348230004310608,0.7350906729698181
16,1,0.5,0.01,False,0.5215007662773132,0.7212550044059753,0.5249093770980835,0.7202280759811401
16,1,0.5,0.1,True,4.449001312255859,0.5020961165428162,4.425096035003662,0.5024303793907166
16,1,0.5,0.1,False,19.6474552154541,0.5008277893066406,19.572696685791016,0.5011216998100281
16,1,0.5,0.001,True,0.6487696170806885,0.5093991756439209,0.6497689485549927,0.5089736580848694
16,1,0.5,0.001,False,0.6678972244262695,0.5031642317771912,0.6683775782585144,0.5029911994934082
16,1,0.5,0.0001,True,0.6895821690559387,0.5004539489746094,0.6897634863853455,0.5005608797073364
16,1,0.5,0.0001,False,0.6860832571983337,0.5021628737449646,0.6861521005630493,0.5024303793907166
16,1,0.8,0.01,True,0.5047885775566101,0.7221762537956238,0.507470965385437,0.721443235874176
16,1,0.8,0.01,False,0.5319995880126953,0.7303338050842285,0.5345852375030518,0.7331277132034302
16,1,0.8,0.1,True,2.45405650138855,0.5487049221992493,2.453989028930664,0.5501962900161743
16,1,0.8,0.1,False,8.589359283447266,0.5154339075088501,8.470645904541016,0.5168255567550659
16,1,0.8,0.001,True,0.6828286647796631,0.5091989040374756,0.682921290397644,0.509160578250885
16,1,0.8,0.001,False,0.6814227104187012,0.5020026564598083,0.6816444396972656,0.502336859703064
16,1,0.8,0.0001,True,0.6836054921150208,0.5186648964881897,0.6838950514793396,0.5199102759361267
16,1,0.8,0.0001,False,0.6883524060249329,0.5035781264305115,0.6883916854858398,0.5048606991767883
16,2,0.0,0.01,True,0.4923224151134491,0.7213351130485535,0.4914094805717468,0.7250887751579285
16,2,0.0,0.01,False,0.49781709909439087,0.715527355670929,0.49666646122932434,0.7201346158981323
16,2,0.0,0.1,True,1.4663695096969604,0.5,1.4655921459197998,0.5
16,2,0.0,0.1,False,4.619186878204346,0.5,4.616610050201416,0.5
16,2,0.0,0.001,True,0.6552830338478088,0.5,0.6556605696678162,0.5
16,2,0.0,0.001,False,0.6617329716682434,0.5039118528366089,0.6621338129043579,0.5050476789474487
16,2,0.0,0.0001,True,0.6912099123001099,0.5117356181144714,0.6912386417388916,0.5107496976852417
16,2,0.0,0.0001,False,0.6904805898666382,0.5,0.6905180811882019,0.5
16,2,0.3,0.01,True,0.5033022165298462,0.7245393991470337,0.5029315948486328,0.7265844345092773
16,2,0.3,0.01,False,0.5031858086585999,0.7155006527900696,0.5022884607315063,0.7200411558151245
16,2,0.3,0.1,True,0.7853541970252991,0.5011081695556641,0.7888703346252441,0.5011216998100281
16,2,0.3,0.1,False,10.457833290100098,0.5,10.493410110473633,0.5
16,2,0.3,0.001,True,0.6672326326370239,0.5023764967918396,0.6674526929855347,0.5025238394737244
16,2,0.3,0.001,False,0.6542795896530151,0.5052069425582886,0.6547927260398865,0.5052345991134644
16,2,0.3,0.0001,True,0.6919827461242676,0.5020427107810974,0.6919915676116943,0.5020564794540405
16,2,0.3,0.0001,False,0.6878318786621094,0.5005340576171875,0.6879834532737732,0.500373899936676
16,2,0.5,0.01,True,0.6799432635307312,0.5262483358383179,0.6800845861434937,0.5253318548202515
16,2,0.5,0.01,False,0.5021196603775024,0.719078779220581,0.5020439028739929,0.7226584553718567
16,2,0.5,0.1,True,0.6998486518859863,0.5,0.6998485922813416,0.5
16,2,0.5,0.1,False,15.262212753295898,0.5,15.158651351928711,0.5
16,2,0.5,0.001,True,0.6756446957588196,0.5000133514404297,0.6755343079566956,0.5
16,2,0.5,0.001,False,0.6681708693504333,0.5022429823875427,0.668587863445282,0.503084659576416
16,2,0.5,0.0001,True,0.6798667311668396,0.5002002716064453,0.680022120475769,0.5000934600830078
16,2,0.5,0.0001,False,0.6869211196899414,0.5019893050193787,0.6870301961898804,0.5013086795806885
16,2,0.8,0.01,True,0.6592357754707336,0.5529906749725342,0.6604989767074585,0.548046350479126
16,2,0.8,0.01,False,0.5159914493560791,0.7171695828437805,0.5166611075401306,0.7191063761711121
16,2,0.8,0.1,True,3.03389835357666,0.5079038739204407,3.0891499519348145,0.5069171786308289
16,2,0.8,0.1,False,9.041187286376953,0.5097997188568115,8.957700729370117,0.5092540383338928
16,2,0.8,0.001,True,0.6817822456359863,0.5146194696426392,0.6821838617324829,0.5128995776176453
16,2,0.8,0.001,False,0.6812704205513,0.5052870512008667,0.6811174750328064,0.5042998790740967
16,2,0.8,0.0001,True,0.6931484937667847,0.5141121745109558,0.6931606531143188,0.5133669972419739
16,2,0.8,0.0001,False,0.6913226246833801,0.5082243084907532,0.691592812538147,0.5081323385238647
16,3,0.0,0.01,True,0.5022388100624084,0.7343791723251343,0.501868724822998,0.7357450127601624
16,3,0.0,0.01,False,0.4925684630870819,0.7190921306610107,0.491556316614151,0.7221910357475281
16,3,0.0,0.1,True,0.6935078501701355,0.5,0.6935079097747803,0.5
16,3,0.0,0.1,False,22.19736671447754,0.5,22.198135375976562,0.5
16,3,0.0,0.001,True,0.6675893664360046,0.5,0.6678611636161804,0.5
16,3,0.0,0.001,False,0.655019998550415,0.5010814666748047,0.6553152799606323,0.5012151598930359
16,3,0.0,0.0001,True,0.6900290250778198,0.5,0.6900749206542969,0.5
16,3,0.0,0.0001,False,0.6843482851982117,0.5010948181152344,0.6844309568405151,0.5005608797073364
16,3,0.3,0.01,True,0.5230194330215454,0.7260213494300842,0.5238528251647949,0.7270517945289612
16,3,0.3,0.01,False,0.5303975939750671,0.7209078669548035,0.5322644710540771,0.7229388952255249
16,3,0.3,0.1,True,0.9586237072944641,0.5,0.9622673988342285,0.5
16,3,0.3,0.1,False,9.515393257141113,0.5,9.492047309875488,0.5
16,3,0.3,0.001,True,0.6662014126777649,0.5040854215621948,0.6661129593849182,0.5049542188644409
16,3,0.3,0.001,False,0.6730937361717224,0.5011081695556641,0.6734793782234192,0.5012151598930359
16,3,0.3,0.0001,True,0.6929420232772827,0.5050867795944214,0.6929569840431213,0.5051411390304565
16,3,0.3,0.0001,False,0.6908610463142395,0.5054606199264526,0.6908467411994934,0.5063562989234924
16,3,0.5,0.01,True,0.5452081561088562,0.7343124151229858,0.5461957454681396,0.7306973338127136
16,3,0.5,0.01,False,0.6702703833580017,0.5136849284172058,0.6702497601509094,0.5149560570716858
16,3,0.5,0.1,True,0.6930900812149048,0.5043925046920776,0.6931195259094238,0.5043933391571045
16,3,0.5,0.1,False,3.8521595001220703,0.5095460414886475,3.8828861713409424,0.508786678314209
16,3,0.5,0.001,True,0.6708720922470093,0.5061548948287964,0.6709489226341248,0.5058889389038086
16,3,0.5,0.001,False,0.6798812747001648,0.5011081695556641,0.6804012060165405,0.5014021396636963
16,3,0.5,0.0001,True,0.6930216550827026,0.5064085721969604,0.6930246353149414,0.5061693787574768
16,3,0.5,0.0001,False,0.6928061246871948,0.502189576625824,0.6928237676620483,0.5020564794540405
16,3,0.8,0.01,True,0.6477840542793274,0.5958878397941589,0.6498854756355286,0.5942232012748718
16,3,0.8,0.01,False,0.5709539651870728,0.7200667262077332,0.5694679021835327,0.7219106554985046
16,3,0.8,0.1,True,0.7127438187599182,0.5408143997192383,0.7116943597793579,0.5418769717216492
16,3,0.8,0.1,False,0.7095018625259399,0.5,0.7093605995178223,0.4966348707675934
16,3,0.8,0.001,True,0.6917467713356018,0.5118290781974792,0.692289412021637,0.5112170577049255
16,3,0.8,0.001,False,0.6854303479194641,0.5031508803367615,0.6851559281349182,0.5038325190544128
16,3,0.8,0.0001,True,0.6931391954421997,0.5878371000289917,0.6931433081626892,0.5833800435066223
16,3,0.8,0.0001,False,0.6922487616539001,0.509906530380249,0.6916906237602234,0.5090671181678772
16,4,0.0,0.01,True,0.5577859282493591,0.7258744835853577,0.55739825963974,0.7229388952255249
16,4,0.0,0.01,False,0.6785955429077148,0.5,0.6786452531814575,0.5
16,4,0.0,0.1,True,0.6931692361831665,0.5,0.6931692957878113,0.5
16,4,0.0,0.1,False,4.407039642333984,0.5,4.4070305824279785,0.5
16,4,0.0,0.001,True,0.6677044630050659,0.5,0.6679604649543762,0.5
16,4,0.0,0.001,False,0.6660070419311523,0.5,0.6662707924842834,0.6401196718215942
16,4,0.0,0.0001,True,0.6931471228599548,0.5222563147544861,0.6931471824645996,0.5228080153465271
16,4,0.0,0.0001,False,0.6904296875,0.5,0.690467894077301,0.5
16,4,0.3,0.01,True,0.5738808512687683,0.687263011932373,0.5736099481582642,0.6831183433532715
16,4,0.3,0.01,False,0.6736644506454468,0.501975953578949,0.6734877228736877,0.50271075963974
16,4,0.3,0.1,True,0.6931605935096741,0.5,0.6931605339050293,0.5
16,4,0.3,0.1,False,37.77614974975586,0.5,37.94511413574219,0.5
16,4,0.3,0.001,True,0.6931442022323608,0.5032443404197693,0.6931442022323608,0.5034586191177368
16,4,0.3,0.001,False,0.6691361665725708,0.5000400543212891,0.6700407266616821,0.5
16,4,0.3,0.0001,True,0.6931333541870117,0.5,0.6931341290473938,0.5
16,4,0.3,0.0001,False,0.6901900172233582,0.5003070831298828,0.6901735663414001,0.5001869797706604
16,4,0.5,0.01,True,0.6484344005584717,0.5225099921226501,0.6489359736442566,0.5222471356391907
16,4,0.5,0.01,False,0.520212709903717,0.7173565030097961,0.518599808216095,0.7209758758544922
16,4,0.5,0.1,True,0.6936941742897034,0.5,0.6936995983123779,0.5
16,4,0.5,0.1,False,0.724437952041626,0.5,0.7237139940261841,0.5
16,4,0.5,0.001,True,0.686002254486084,0.49963951110839844,0.6860485672950745,0.4997195601463318
16,4,0.5,0.001,False,0.6747558116912842,0.5000133514404297,0.6751788258552551,0.5
16,4,0.5,0.0001,True,0.6931467056274414,0.5220694541931152,0.6931469440460205,0.5193493962287903
16,4,0.5,0.0001,False,0.6929737329483032,0.5074899792671204,0.6929751038551331,0.5078519582748413
16,4,0.8,0.01,True,0.6648924946784973,0.5,0.6656128168106079,0.5
16,4,0.8,0.01,False,0.6726821064949036,0.5216822624206543,0.6734097599983215,0.5197232961654663
16,4,0.8,0.1,True,0.6932144165039062,0.5257009267807007,0.6932164430618286,0.5257992148399353
16,4,0.8,0.1,False,1.1963330507278442,0.5042723417282104,1.1839431524276733,0.5045803189277649
16,4,0.8,0.001,True,0.6931453943252563,0.5862082839012146,0.6931455135345459,0.5852496027946472
16,4,0.8,0.001,False,0.6793604493141174,0.50750333070755,0.6778484582901001,0.5075715184211731
16,4,0.8,0.0001,True,0.6931254267692566,0.5312283039093018,0.6931278109550476,0.532435953617096
16,4,0.8,0.0001,False,0.692536473274231,0.5329105257987976,0.6925853490829468,0.536548912525177
16,5,0.0,0.01,True,0.5401210784912109,0.7304673194885254,0.539523184299469,0.7305103540420532
16,5,0.0,0.01,False,0.6857811212539673,0.5039652585983276,0.685804545879364,0.5041128993034363
16,5,0.0,0.1,True,0.6931473612785339,0.5,0.6931474208831787,0.5
16,5,0.0,0.1,False,21.535463333129883,0.5,21.567249298095703,0.5
16,5,0.0,0.001,True,0.6841811537742615,0.5,0.6842756271362305,0.5
16,5,0.0,0.001,False,0.6660957932472229,0.5,0.6663302779197693,0.5
16,5,0.0,0.0001,True,0.6917859315872192,0.5,0.6917940378189087,0.5
16,5,0.0,0.0001,False,0.6905444264411926,0.5,0.6905633211135864,0.5
16,5,0.3,0.01,True,0.6931472420692444,0.5,0.6931474208831787,0.5
16,5,0.3,0.01,False,0.5127146244049072,0.7240587472915649,0.5135719180107117,0.7245279550552368
16,5,0.3,0.1,True,0.6931768655776978,0.5,0.6931799650192261,0.5
16,5,0.3,0.1,False,44.414608001708984,0.5009479522705078,44.283992767333984,0.5015890598297119
16,5,0.3,0.001,True,0.6931473612785339,0.5,0.6931474208831787,0.5
16,5,0.3,0.001,False,0.6706594228744507,0.5,0.6712813377380371,0.5
16,5,0.3,0.0001,True,0.693117618560791,0.5,0.6931187510490417,0.5
16,5,0.3,0.0001,False,0.692633867263794,0.5,0.692650318145752,0.5
16,5,0.5,0.01,True,0.6916261911392212,0.5,0.6923954486846924,0.5
16,5,0.5,0.01,False,0.5356237888336182,0.7157142758369446,0.5347583293914795,0.7184520363807678
16,5,0.5,0.1,True,0.6931474208831787,0.5,0.6931476593017578,0.5
16,5,0.5,0.1,False,2.2351582050323486,0.5022162795066833,2.2874932289123535,0.5025238394737244
16,5,0.5,0.001,True,0.6931473612785339,0.5,0.6931474208831787,0.5
16,5,0.5,0.001,False,0.680743932723999,0.5000534057617188,0.6815304160118103,0.5
16,5,0.5,0.0001,True,0.6931471228599548,0.5397196412086487,0.6931477189064026,0.539633572101593
16,5,0.5,0.0001,False,0.6924066543579102,0.5023898482322693,0.6924768090248108,0.5028977394104004
16,5,0.8,0.01,True,0.6931471228599548,0.5,0.6931473612785339,0.5
16,5,0.8,0.01,False,0.7141062617301941,0.5021628737449646,0.7094473838806152,0.5031781792640686
16,5,0.8,0.1,True,0.6931411623954773,0.5017222762107849,0.6931426525115967,0.5018694996833801
16,5,0.8,0.1,False,1.6069211959838867,0.5079172253608704,1.6382298469543457,0.5074780583381653
16,5,0.8,0.001,True,0.6931338906288147,0.5240587592124939,0.6931381821632385,0.524770975112915
16,5,0.8,0.001,False,0.690066933631897,0.5038718581199646,0.6903030872344971,0.5039259791374207
16,5,0.8,0.0001,True,0.6931473612785339,0.49056074023246765,0.6931474208831787,0.48999813199043274
16,5,0.8,0.0001,False,0.6977550387382507,0.5083711743354797,0.6936177611351013,0.508786678314209
32,1,0.0,0.01,True,0.5248147249221802,0.7217890620231628,0.5265158414840698,0.7249953150749207
32,1,0.0,0.01,False,0.505089521408081,0.7235513925552368,0.5068744421005249,0.7263039946556091
32,1,0.0,0.1,True,53.85881042480469,0.5,53.72063064575195,0.5
32,1,0.0,0.1,False,2.1054790019989014,0.5,2.1012682914733887,0.5
32,1,0.0,0.001,True,0.6264294981956482,0.5112149715423584,0.6271191835403442,0.5106561779975891
32,1,0.0,0.001,False,0.6165498495101929,0.537783682346344,0.6173779964447021,0.5379509925842285
32,1,0.0,0.0001,True,0.6831229329109192,0.5,0.6832063794136047,0.5
32,1,0.0,0.0001,False,0.6774029731750488,0.5381575226783752,0.6777098178863525,0.5386053323745728
32,1,0.3,0.01,True,0.5075955390930176,0.7423498034477234,0.5090939998626709,0.7421948313713074
32,1,0.3,0.01,False,0.4784623682498932,0.7293457984924316,0.47794458270072937,0.7326602935791016
32,1,0.3,0.1,True,39.370601654052734,0.5,39.24980545043945,0.5
32,1,0.3,0.1,False,44.95485305786133,0.5,44.9539680480957,0.5
32,1,0.3,0.001,True,0.6260931491851807,0.5156742334365845,0.6267882585525513,0.5153299570083618
32,1,0.3,0.001,False,0.6235938668251038,0.5176101326942444,0.6240805983543396,0.5164516568183899
32,1,0.3,0.0001,True,0.6805182695388794,0.5,0.6805037260055542,0.5096279382705688
32,1,0.3,0.0001,False,0.682714581489563,0.5000267028808594,0.6829796433448792,0.49934566020965576
32,1,0.5,0.01,True,0.5157660841941833,0.7249265909194946,0.5164924263954163,0.7263039946556091
32,1,0.5,0.01,False,0.6821040511131287,0.5043658018112183,0.682386040687561,0.5054215788841248
32,1,0.5,0.1,True,2.0062520503997803,0.5189185738563538,2.0010998249053955,0.5202841758728027
32,1,0.5,0.1,False,1.4019640684127808,0.518825113773346,1.4022639989852905,0.5187885761260986
32,1,0.5,0.001,True,0.6076346039772034,0.5561414957046509,0.6088110208511353,0.5527201294898987
32,1,0.5,0.001,False,0.6327258348464966,0.5150467157363892,0.6335678696632385,0.5157973170280457
32,1,0.5,0.0001,True,0.684035062789917,0.5001735687255859,0.6841603517532349,0.5000934600830078
32,1,0.5,0.0001,False,0.6853135824203491,0.5002002716064453,0.6853799819946289,0.5000934600830078
32,1,0.8,0.01,True,0.47868072986602783,0.760547399520874,0.4784334599971771,0.7598616480827332
32,1,0.8,0.01,False,0.48882991075515747,0.730013370513916,0.48764631152153015,0.7314451336860657
32,1,0.8,0.1,True,12.9621000289917,0.5086382031440735,13.131702423095703,0.5086932182312012
32,1,0.8,0.1,False,43.38363265991211,0.5017222762107849,43.518795013427734,0.5014955997467041
32,1,0.8,0.001,True,0.6743068099021912,0.5055407285690308,0.6763354539871216,0.505702018737793
32,1,0.8,0.001,False,0.6806874871253967,0.5034045577049255,0.6808171272277832,0.5037389993667603
32,1,0.8,0.0001,True,0.6893107295036316,0.5179839730262756,0.6899541616439819,0.517947256565094
32,1,0.8,0.0001,False,0.6814887523651123,0.5073431134223938,0.6819947957992554,0.5065432786941528
32,2,0.0,0.01,True,0.4826008677482605,0.7237917184829712,0.48063191771507263,0.7266778945922852
32,2,0.0,0.01,False,0.6791605949401855,0.5014819502830505,0.6793327331542969,0.5019629597663879
32,2,0.0,0.1,True,31.889463424682617,0.5,31.87247657775879,0.5
32,2,0.0,0.1,False,131.3336944580078,0.5,131.30007934570312,0.5
32,2,0.0,0.001,True,0.6397888660430908,0.5053938627243042,0.6401174664497375,0.5057954788208008
32,2,0.0,0.001,False,0.6302804946899414,0.5097196102142334,0.6306484341621399,0.5107496976852417
32,2,0.0,0.0001,True,0.6836073398590088,0.4997596740722656,0.6838933229446411,0.49943915009498596
32,2,0.0,0.0001,False,0.6811249256134033,0.49995994567871094,0.6813993453979492,0.4997195601463318
32,2,0.3,0.01,True,0.4875442683696747,0.7266088128089905,0.4850899279117584,0.7305103540420532
32,2,0.3,0.01,False,0.4979479908943176,0.7164486050605774,0.49687492847442627,0.7232192754745483
32,2,0.3,0.1,True,23.527774810791016,0.5,23.50731658935547,0.5
32,2,0.3,0.1,False,351.86090087890625,0.5,351.7183837890625,0.5
32,2,0.3,0.001,True,0.6272771954536438,0.5083311200141907,0.6270942687988281,0.5088801383972168
32,2,0.3,0.001,False,0.6757155656814575,0.5,0.676537811756134,0.5
32,2,0.3,0.0001,True,0.6817631125450134,0.5017356276512146,0.6821328997612,0.5016825795173645
32,2,0.3,0.0001,False,0.6891741752624512,0.5007209777832031,0.6893023252487183,0.5004673600196838
32,2,0.5,0.01,True,0.5010331869125366,0.7211348414421082,0.5009828805923462,0.723686695098877
32,2,0.5,0.01,False,0.49402177333831787,0.7292122840881348,0.4953621029853821,0.7293886542320251
32,2,0.5,0.1,True,2.8063015937805176,0.5002536773681641,2.8108954429626465,0.5002804398536682
32,2,0.5,0.1,False,83.29740905761719,0.5,83.09908294677734,0.5
32,2,0.5,0.001,True,0.6346956491470337,0.5050734281539917,0.6342272162437439,0.5055150389671326
32,2,0.5,0.001,False,0.615317165851593,0.5326969027519226,0.6172409653663635,0.5318751335144043
32,2,0.5,0.0001,True,0.6871639490127563,0.5012550354003906,0.6873548626899719,0.5006543397903442
32,2,0.5,0.0001,False,0.6804834604263306,0.5001201629638672,0.6808140873908997,0.5
32,2,0.8,0.01,True,0.5325984358787537,0.7285981178283691,0.5357208251953125,0.7277061343193054
32,2,0.8,0.01,False,0.6896438002586365,0.5113885402679443,0.6894301176071167,0.5128061175346375
32,2,0.8,0.1,True,16.846223831176758,0.5137917399406433,16.517560958862305,0.5136474370956421
32,2,0.8,0.1,False,29.47616195678711,0.5034312605857849,29.876571655273438,0.5037389993667603
32,2,0.8,0.001,True,0.6801995635032654,0.5161415338516235,0.6786373257637024,0.5149560570716858
32,2,0.8,0.001,False,0.6658380627632141,0.5157142877578735,0.6656971573829651,0.5150495171546936
32,2,0.8,0.0001,True,0.6898819208145142,0.5059546232223511,0.6899514198303223,0.5057954788208008
32,2,0.8,0.0001,False,0.6762248873710632,0.5035247206687927,0.6763685941696167,0.5029911994934082
32,3,0.0,0.01,True,0.4930928349494934,0.7226034998893738,0.4923436939716339,0.7249018549919128
32,3,0.0,0.01,False,0.6850197315216064,0.5000133514404297,0.6851327419281006,0.5
32,3,0.0,0.1,True,31.276716232299805,0.5,31.263633728027344,0.5
32,3,0.0,0.1,False,38.86409378051758,0.5,38.88531494140625,0.5
32,3,0.0,0.001,True,0.6587646007537842,0.5,0.6591253280639648,0.5
32,3,0.0,0.001,False,0.6094127893447876,0.5295594334602356,0.609712541103363,0.5293512940406799
32,3,0.0,0.0001,True,0.6883178949356079,0.5008411407470703,0.6883045434951782,0.5011216998100281
32,3,0.0,0.0001,False,0.6797298192977905,0.5000801086425781,0.679906964302063,0.5000934600830078
32,3,0.3,0.01,True,0.5008613467216492,0.7164352536201477,0.49944835901260376,0.7199476361274719
32,3,0.3,0.01,False,0.49737703800201416,0.7229639291763306,0.49758076667785645,0.7263039946556091
32,3,0.3,0.1,True,1.5575636625289917,0.5084913372993469,1.5390591621398926,0.5086932182312012
32,3,0.3,0.1,False,123.94098663330078,0.5,123.50178527832031,0.5
32,3,0.3,0.001,True,0.6709172129631042,0.5010147094726562,0.6705719828605652,0.5015890598297119
32,3,0.3,0.001,False,0.6163342595100403,0.5096395015716553,0.6165411472320557,0.5086932182312012
32,3,0.3,0.0001,True,0.690341055393219,0.5027369856834412,0.6903631687164307,0.5014955997467041
32,3,0.3,0.0001,False,0.6899924278259277,0.5001602172851562,0.6901134252548218,0.500373899936676
32,3,0.5,0.01,True,0.49242016673088074,0.7211348414421082,0.49208515882492065,0.7238736152648926
32,3,0.5,0.01,False,0.6916943192481995,0.501802384853363,0.6917072534561157,0.5021499395370483
32,3,0.5,0.1,True,9.147350311279297,0.5,9.143020629882812,0.5
32,3,0.5,0.1,False,316.69720458984375,0.5,318.16754150390625,0.5
32,3,0.5,0.001,True,0.6811455488204956,0.5013083815574646,0.6818510293960571,0.5010282397270203
32,3,0.5,0.001,False,0.6052366495132446,0.5616955757141113,0.607464075088501,0.5596373081207275
32,3,0.5,0.0001,True,0.6838805079460144,0.5058344602584839,0.6842391490936279,0.5063562989234924
32,3,0.5,0.0001,False,0.6890199780464172,0.5001068115234375,0.6890347003936768,0.5001869797706604
32,3,0.8,0.01,True,0.6733959317207336,0.5569025278091431,0.6745972633361816,0.5527201294898987
32,3,0.8,0.01,False,0.5795965790748596,0.7210814356803894,0.5819228291511536,0.7243409752845764
32,3,0.8,0.1,True,1.7044891119003296,0.5073831677436829,1.7206549644470215,0.5078519582748413
32,3,0.8,0.1,False,54.038352966308594,0.5034045577049255,54.19939422607422,0.5037389993667603
32,3,0.8,0.001,True,0.6807880997657776,0.5059679746627808,0.6809104084968567,0.505702018737793
32,3,0.8,0.001,False,0.6649113893508911,0.5157409906387329,0.6648813486099243,0.5150495171546936
32,3,0.8,0.0001,True,0.6930469274520874,0.5761014819145203,0.6930777430534363,0.5736586451530457
32,3,0.8,0.0001,False,0.6887289881706238,0.5118023753166199,0.6888534426689148,0.5124322175979614
32,4,0.0,0.01,True,0.5168920755386353,0.7174766063690186,0.5164079666137695,0.7201346158981323
32,4,0.0,0.01,False,0.6908911466598511,0.501335084438324,0.6908983588218689,0.5016825795173645
32,4,0.0,0.1,True,0.7647714614868164,0.5,0.7650701999664307,0.5
32,4,0.0,0.1,False,1651.4852294921875,0.5,1652.5438232421875,0.5
32,4,0.0,0.001,True,0.6587973833084106,0.5,0.6590017080307007,0.5
32,4,0.0,0.001,False,0.6146330237388611,0.5500934720039368,0.6150677800178528,0.5489811301231384
32,4,0.0,0.0001,True,0.6931158304214478,0.6321495175361633,0.6931167840957642,0.627687394618988
32,4,0.0,0.0001,False,0.6863201856613159,0.5,0.6863802671432495,0.5
32,4,0.3,0.01,True,0.6813981533050537,0.5212550163269043,0.6814465522766113,0.5189754962921143
32,4,0.3,0.01,False,0.676927924156189,0.5042856931686401,0.6770025491714478,0.5039259791374207
32,4,0.3,0.1,True,0.6947781443595886,0.49909213185310364,0.6947618126869202,0.49897176027297974
32,4,0.3,0.1,False,15.694002151489258,0.5,15.814652442932129,0.5
32,4,0.3,0.001,True,0.68045973777771,0.5020427107810974,0.6801257133483887,0.5025238394737244
32,4,0.3,0.001,False,0.6730882525444031,0.5,0.6729474067687988,0.5
32,4,0.3,0.0001,True,0.692703127861023,0.5002403259277344,0.6927157640457153,0.5001869797706604
32,4,0.3,0.0001,False,0.6902873516082764,0.5010147094726562,0.6903193593025208,0.5004673600196838
32,4,0.5,0.01,True,0.6705145835876465,0.5110414028167725,0.6703246831893921,0.5113105177879333
32,4,0.5,0.01,False,0.6893179416656494,0.5014018416404724,0.6894031763076782,0.5013086795806885
32,4,0.5,0.1,True,0.6791921257972717,0.5016955733299255,0.6793628334999084,0.5019629597663879
32,4,0.5,0.1,False,240.085693359375,0.5,242.80380249023438,0.5
32,4,0.5,0.001,True,0.6665623784065247,0.5029773116111755,0.6669273972511292,0.5042064189910889
32,4,0.5,0.001,False,0.6682316660881042,0.5051668882369995,0.668337881565094,0.5045803189277649
32,4,0.5,0.0001,True,0.6930837035179138,0.5003738403320312,0.6930851340293884,0.500373899936676
32,4,0.5,0.0001,False,0.6922802329063416,0.5006141662597656,0.6923375129699707,0.5005608797073364
32,4,0.8,0.01,True,0.61681067943573,0.6448197364807129,0.6195008158683777,0.635352373123169
32,4,0.8,0.01,False,0.66644686460495,0.5636715888977051,0.6659574508666992,0.56328284740448
32,4,0.8,0.1,True,0.7578404545783997,0.5,0.7554510831832886,0.5
32,4,0.8,0.1,False,78.7342758178711,0.502016007900238,80.0576400756836,0.5028042793273926
32,4,0.8,0.001,True,0.671876847743988,0.5181308388710022,0.6721616983413696,0.5187885761260986
32,4,0.8,0.001,False,0.6823241114616394,0.506862461566925,0.685804545879364,0.5058889389038086
32,4,0.8,0.0001,True,0.6930828094482422,0.5502803921699524,0.6931064128875732,0.5486072301864624
32,4,0.8,0.0001,False,0.692736029624939,0.5046194791793823,0.6931369304656982,0.5052345991134644
32,5,0.0,0.01,True,0.6929860711097717,0.5053671598434448,0.6929870247840881,0.5047672390937805
32,5,0.0,0.01,False,0.692354679107666,0.5,0.6923682689666748,0.5
32,5,0.0,0.1,True,0.693166196346283,0.5,0.6931663751602173,0.5
32,5,0.0,0.1,False,1519.3228759765625,0.5,1521.1990966796875,0.5
32,5,0.0,0.001,True,0.6931473612785339,0.5,0.6931474208831787,0.5
32,5,0.0,0.001,False,0.6075611710548401,0.5283311009407043,0.6078606247901917,0.5283230543136597
32,5,0.0,0.0001,True,0.6912251114845276,0.5,0.6912407279014587,0.5
32,5,0.0,0.0001,False,0.6824617981910706,0.5,0.6826371550559998,0.5
32,5,0.3,0.01,True,0.6723762154579163,0.5108945369720459,0.6726731657981873,0.5119648575782776
32,5,0.3,0.01,False,0.6907309889793396,0.5000133514404297,0.6907345056533813,0.5
32,5,0.3,0.1,True,0.6935548186302185,0.5,0.6935514807701111,0.5
32,5,0.3,0.1,False,958.8759155273438,0.5,961.2399291992188,0.5
32,5,0.3,0.001,True,0.6709452867507935,0.5,0.6724027395248413,0.5
32,5,0.3,0.001,False,0.6743727326393127,0.5,0.6742579936981201,0.5
32,5,0.3,0.0001,True,0.6931233406066895,0.5142456889152527,0.693122923374176,0.5155169367790222
32,5,0.3,0.0001,False,0.6922592520713806,0.5014151930809021,0.6922774910926819,0.5008412599563599
32,5,0.5,0.01,True,0.6544024348258972,0.5804939866065979,0.6550375819206238,0.5787997841835022
32,5,0.5,0.01,False,0.688576340675354,0.5086782574653625,0.6886586546897888,0.5079454183578491
32,5,0.5,0.1,True,0.683958888053894,0.5493457913398743,0.6837918162345886,0.5524396896362305
32,5,0.5,0.1,False,820.7100830078125,0.5,821.2994995117188,0.5
32,5,0.5,0.001,True,0.6928095817565918,0.5137516856193542,0.6928084492683411,0.5116844177246094
32,5,0.5,0.001,False,0.6738302111625671,0.5011348724365234,0.6744456887245178,0.5012151598930359
32,5,0.5,0.0001,True,0.6926169395446777,0.5,0.6925868391990662,0.5
32,5,0.5,0.0001,False,0.6887465119361877,0.5000133514404297,0.6888007521629333,0.5000934600830078
32,5,0.8,0.01,True,0.6651414632797241,0.5397730469703674,0.6628590226173401,0.541596531867981
32,5,0.8,0.01,False,0.5872058272361755,0.7095060348510742,0.5867584347724915,0.7087305784225464
32,5,0.8,0.1,True,0.6966800093650818,0.5,0.6966776847839355,0.5
32,5,0.8,0.1,False,3.1482431888580322,0.5141922831535339,3.1441245079040527,0.5147691369056702
32,5,0.8,0.001,True,0.6928743124008179,0.5084112286567688,0.692870020866394,0.5079454183578491
32,5,0.8,0.001,False,0.6765252947807312,0.5079439282417297,0.6766796112060547,0.5082258582115173
32,5,0.8,0.0001,True,0.6936260461807251,0.5837917327880859,0.6933953166007996,0.5848757028579712
32,5,0.8,0.0001,False,0.6933192014694214,0.5109879970550537,0.6936468482017517,0.5099083781242371
64,1,0.0,0.01,True,0.6903687715530396,0.5000133514404297,0.6910641193389893,0.5
64,1,0.0,0.01,False,0.48017987608909607,0.735247015953064,0.47749605774879456,0.7388296723365784
64,1,0.0,0.1,True,1.0239163637161255,0.5,1.0257545709609985,0.5
64,1,0.0,0.1,False,22.110288619995117,0.5,22.009777069091797,0.5
64,1,0.0,0.001,True,0.5719950795173645,0.6685180068016052,0.5730788111686707,0.6668536067008972
64,1,0.0,0.001,False,0.5872169137001038,0.613898515701294,0.5879907608032227,0.6132922172546387
64,1,0.0,0.0001,True,0.6736921072006226,0.5,0.6741421818733215,0.5
64,1,0.0,0.0001,False,0.6720471978187561,0.5,0.6725667715072632,0.618526816368103
64,1,0.3,0.01,True,0.6840502619743347,0.5001335144042969,0.6843656301498413,0.5000934600830078
64,1,0.3,0.01,False,0.6917740106582642,0.5000534057617188,0.6926933526992798,0.5
64,1,0.3,0.1,True,0.715412437915802,0.5,0.715412437915802,0.5
64,1,0.3,0.1,False,157.16917419433594,0.5,156.4540557861328,0.5
64,1,0.3,0.001,True,0.5670191645622253,0.6654605865478516,0.568042516708374,0.6644232273101807
64,1,0.3,0.001,False,0.5771381855010986,0.6495727896690369,0.5783290266990662,0.6481585502624512
64,1,0.3,0.0001,True,0.6762661933898926,0.5000133514404297,0.6767183542251587,0.5587960481643677
64,1,0.3,0.0001,False,0.6792609691619873,0.5,0.6796217560768127,0.5687044262886047
64,1,0.5,0.01,True,0.6841872334480286,0.501762330532074,0.6846883893013,0.5019629597663879
64,1,0.5,0.01,False,0.6825852990150452,0.5007476806640625,0.6828069090843201,0.5006543397903442
64,1,0.5,0.1,True,781.0869750976562,0.5,781.7453002929688,0.5
64,1,0.5,0.1,False,0.9259933829307556,0.5,0.9241726398468018,0.5
64,1,0.5,0.001,True,0.6059526205062866,0.5888251066207886,0.6069437861442566,0.5882408022880554
64,1,0.5,0.001,False,0.58395916223526,0.6562883853912354,0.5849392414093018,0.6514301896095276
64,1,0.5,0.0001,True,0.6809232831001282,0.5000133514404297,0.6810994148254395,0.5
64,1,0.5,0.0001,False,0.6795810461044312,0.5000534057617188,0.6797924637794495,0.521686315536499
64,1,0.8,0.01,True,0.5046584010124207,0.7295994758605957,0.505561113357544,0.7292017340660095
64,1,0.8,0.01,False,0.6862325668334961,0.5043524503707886,0.6876277923583984,0.5048606991767883
64,1,0.8,0.1,True,2.3304007053375244,0.5010280609130859,2.358708143234253,0.5013086795806885
64,1,0.8,0.1,False,0.7619842886924744,0.5003871917724609,0.7612302303314209,0.5006543397903442
64,1,0.8,0.001,True,0.5907386541366577,0.6343390941619873,0.5922425389289856,0.6316133737564087
64,1,0.8,0.001,False,0.5986497402191162,0.6154739856719971,0.6003434062004089,0.608618438243866
64,1,0.8,0.0001,True,0.6791147589683533,0.504165530204773,0.6796050071716309,0.5047672390937805
64,1,0.8,0.0001,False,0.6799713373184204,0.5026034712791443,0.6797739267349243,0.5037389993667603
64,2,0.0,0.01,True,0.48871102929115295,0.7212950587272644,0.487598180770874,0.7243409752845764
64,2,0.0,0.01,False,0.6870212554931641,0.5,0.6873350739479065,0.5
64,2,0.0,0.1,True,13.523310661315918,0.5,13.497267723083496,0.5
64,2,0.0,0.1,False,591.5093994140625,0.5,591.4561767578125,0.5
64,2,0.0,0.001,True,0.5690032243728638,0.6363551616668701,0.5696203112602234,0.6355393528938293
64,2,0.0,0.001,False,0.5192238092422485,0.7189853191375732,0.5196870565414429,0.7195737361907959
64,2,0.0,0.0001,True,0.6721897721290588,0.5801735520362854,0.6723639369010925,0.5816040635108948
64,2,0.0,0.0001,False,0.6695579886436462,0.5,0.670011043548584,0.5
64,2,0.3,0.01,True,0.5035877227783203,0.7165153622627258,0.5029705762863159,0.7199476361274719
64,2,0.3,0.01,False,0.6895005106925964,0.5,0.6902427077293396,0.5
64,2,0.3,0.1,True,156.79647827148438,0.5,157.2010955810547,0.5
64,2,0.3,0.1,False,28.23345375061035,0.5,28.32337188720703,0.5
64,2,0.3,0.001,True,0.5948275923728943,0.5795593857765198,0.5948642492294312,0.5800149440765381
64,2,0.3,0.001,False,0.5317697525024414,0.7097730040550232,0.5325955748558044,0.7124696373939514
64,2,0.3,0.0001,True,0.6791326999664307,0.5000400543212891,0.6794049739837646,0.5
64,2,0.3,0.0001,False,0.6725961565971375,0.5,0.6736304759979248,0.5
64,2,0.5,0.01,True,0.5043475031852722,0.7194125652313232,0.5041550993919373,0.7228453755378723
64,2,0.5,0.01,False,0.5118863582611084,0.7315220236778259,0.5115256905555725,0.7308842539787292
64,2,0.5,0.1,True,493.1476745605469,0.5,494.1329345703125,0.5
64,2,0.5,0.1,False,2410.16015625,0.5,2414.456787109375,0.5
64,2,0.5,0.001,True,0.5913832783699036,0.606688916683197,0.5924447178840637,0.6006730198860168
64,2,0.5,0.001,False,0.536823034286499,0.7161415219306946,0.5384251475334167,0.7149934768676758
64,2,0.5,0.0001,True,0.6806043982505798,0.5022963881492615,0.6807785034179688,0.5032716393470764
64,2,0.5,0.0001,False,0.6777135133743286,0.5000267028808594,0.6779811978340149,0.5
64,2,0.8,0.01,True,0.5482906103134155,0.7315487265586853,0.5544987916946411,0.7296690940856934
64,2,0.8,0.01,False,0.5168530344963074,0.7202536463737488,0.5184154510498047,0.7262105345726013
64,2,0.8,0.1,True,7.925314426422119,0.5022563338279724,7.801912307739258,0.5019629597663879
64,2,0.8,0.1,False,152.63829040527344,0.5,152.27955627441406,0.5
64,2,0.8,0.001,True,0.6674250364303589,0.5210814476013184,0.6663311123847961,0.5201907157897949
64,2,0.8,0.001,False,0.6682391166687012,0.5088651776313782,0.6708487272262573,0.5090671181678772
64,2,0.8,0.0001,True,0.6796395778656006,0.5110547542572021,0.6797279119491577,0.5115909576416016
64,2,0.8,0.0001,False,0.6839890480041504,0.5027102828025818,0.6850190162658691,0.5028977394104004
64,3,0.0,0.01,True,0.5018734335899353,0.7156875729560852,0.5011553168296814,0.7200411558151245
64,3,0.0,0.01,False,0.4988197386264801,0.7171161770820618,0.4981582760810852,0.7205085158348083
64,3,0.0,0.1,True,7.144591331481934,0.5,7.143808364868164,0.5
64,3,0.0,0.1,False,123410.7421875,0.5,123489.4140625,0.5
64,3,0.0,0.001,True,0.6041526198387146,0.5191188454627991,0.604490339756012,0.518695056438446
64,3,0.0,0.001,False,0.5173551440238953,0.7167957425117493,0.5170871615409851,0.7207889556884766
64,3,0.0,0.0001,True,0.6797958612442017,0.5,0.679953396320343,0.5
64,3,0.0,0.0001,False,0.6720306873321533,0.5,0.6723273992538452,0.5
64,3,0.3,0.01,True,0.6887920498847961,0.5013484358787537,0.6888419985771179,0.5013086795806885
64,3,0.3,0.01,False,0.6833067536354065,0.5,0.6836103796958923,0.5
64,3,0.3,0.1,True,13.567718505859375,0.5,13.640539169311523,0.5
64,3,0.3,0.1,False,66.14921569824219,0.5000133514404297,66.13777923583984,0.5
64,3,0.3,0.001,True,0.608930766582489,0.5222029089927673,0.6097253561019897,0.5211254358291626
64,3,0.3,0.001,False,0.5300058126449585,0.716208279132843,0.5294889211654663,0.7199476361274719
64,3,0.3,0.0001,True,0.6877780556678772,0.5000133514404297,0.6878527402877808,0.5000934600830078
64,3,0.3,0.0001,False,0.6802208423614502,0.49939918518066406,0.6804168224334717,0.49915871024131775
64,3,0.5,0.01,True,0.5233584046363831,0.7308411002159119,0.5245047211647034,0.7329407334327698
64,3,0.5,0.01,False,0.5025851130485535,0.72105473279953,0.5011121034622192,0.7253692150115967
64,3,0.5,0.1,True,27.440908432006836,0.5009078979492188,27.496959686279297,0.5008412599563599
64,3,0.5,0.1,False,5019.7939453125,0.5,5042.1923828125,0.5
64,3,0.5,0.001,True,0.6124576926231384,0.5396528840065002,0.6132223010063171,0.5399140119552612
64,3,0.5,0.001,False,0.5535039901733398,0.6726034879684448,0.5552485585212708,0.6684427261352539
64,3,0.5,0.0001,True,0.6830902695655823,0.5000267028808594,0.6833631992340088,0.49897176027297974
64,3,0.5,0.0001,False,0.6808576583862305,0.5000934600830078,0.6811921000480652,0.5000934600830078
64,3,0.8,0.01,True,0.521139919757843,0.7221094965934753,0.5254209041595459,0.7221910357475281
64,3,0.8,0.01,False,0.6850802302360535,0.5017489790916443,0.6848801374435425,0.5016825795173645
64,3,0.8,0.1,True,117.12547302246094,0.501548707485199,117.44869232177734,0.5020564794540405
64,3,0.8,0.1,False,255.3099365234375,0.5008945465087891,256.9811706542969,0.5008412599563599
64,3,0.8,0.001,True,0.6785375475883484,0.5087583661079407,0.6775354146957397,0.5080388784408569
64,3,0.8,0.001,False,0.6714954376220703,0.5092523097991943,0.6709649562835693,0.5080388784408569
64,3,0.8,0.0001,True,0.6911206841468811,0.5110414028167725,0.6909111142158508,0.5109366178512573
64,3,0.8,0.0001,False,0.6899701952934265,0.5078638195991516,0.6905113458633423,0.5086932182312012
64,4,0.0,0.01,True,0.6737138032913208,0.5027903914451599,0.673740029335022,0.5028042793273926
64,4,0.0,0.01,False,0.5125204920768738,0.7255273461341858,0.5125405788421631,0.726771354675293
64,4,0.0,0.1,True,0.6993047595024109,0.5,0.6993047595024109,0.5
64,4,0.0,0.1,False,1845514.375,0.5,1848278.125,0.5
64,4,0.0,0.001,True,0.61277836561203,0.5036715865135193,0.6130563020706177,0.503084659576416
64,4,0.0,0.001,False,0.5152546763420105,0.7192389965057373,0.5152440071105957,0.7190129160881042
64,4,0.0,0.0001,True,0.6877139210700989,0.5009346008300781,0.6877496838569641,0.5015890598297119
64,4,0.0,0.0001,False,0.6742684841156006,0.5043658018112183,0.6744517683982849,0.5035520792007446
64,4,0.3,0.01,True,0.5367603302001953,0.7164085507392883,0.5380618572235107,0.7192932963371277
64,4,0.3,0.01,False,0.687643826007843,0.5,0.6877076625823975,0.5
64,4,0.3,0.1,True,9.349414825439453,0.5030307173728943,9.336676597595215,0.5031781792640686
64,4,0.3,0.1,False,630.4839477539062,0.5,628.259521484375,0.5
64,4,0.3,0.001,True,0.6686253547668457,0.5014953017234802,0.6701905131340027,0.5012151598930359
64,4,0.3,0.001,False,0.5289210677146912,0.7177436351776123,0.528571367263794,0.7204150557518005
64,4,0.3,0.0001,True,0.6819173693656921,0.5058878660202026,0.6819837689399719,0.5069171786308289
64,4,0.3,0.0001,False,0.684086263179779,0.5,0.6841986179351807,0.5
64,4,0.5,0.01,True,0.6864405274391174,0.5897330045700073,0.6864849328994751,0.5886147022247314
64,4,0.5,0.01,False,0.6807394027709961,0.5,0.6807286739349365,0.5
64,4,0.5,0.1,True,12.561046600341797,0.510547399520874,12.667508125305176,0.5103757977485657
64,4,0.5,0.1,False,477.02978515625,0.5,478.37652587890625,0.5
64,4,0.5,0.001,True,0.6265109181404114,0.5224966406822205,0.626748263835907,0.5232753753662109
64,4,0.5,0.001,False,0.5422223806381226,0.7027636766433716,0.5421844124794006,0.7016264796257019
64,4,0.5,0.0001,True,0.6918081641197205,0.5129773020744324,0.6918045282363892,0.5116844177246094
64,4,0.5,0.0001,False,0.6853949427604675,0.5,0.6857656836509705,0.4985044002532959
64,4,0.8,0.01,True,0.6378933787345886,0.5795326828956604,0.6380788087844849,0.5811366438865662
64,4,0.8,0.01,False,0.7114900350570679,0.5014285445213318,0.7183637022972107,0.5020564794540405
64,4,0.8,0.1,True,3.5233144760131836,0.5260080099105835,3.2839348316192627,0.5250514149665833
64,4,0.8,0.1,False,2.174403429031372,0.5004138946533203,2.1779491901397705,0.5001869797706604
64,4,0.8,0.001,True,0.6867527365684509,0.5201735496520996,0.6956420540809631,0.5184146761894226
64,4,0.8,0.001,False,0.6749635338783264,0.5060614347457886,0.6793795824050903,0.5054215788841248
64,4,0.8,0.0001,True,0.691536009311676,0.5024566054344177,0.6916917562484741,0.5014021396636963
64,4,0.8,0.0001,False,0.6867344975471497,0.5062750577926636,0.6846628189086914,0.5062628388404846
64,5,0.0,0.01,True,0.676848292350769,0.5165821313858032,0.6768938899040222,0.5155169367790222
64,5,0.0,0.01,False,0.6872532963752747,0.5,0.6873033046722412,0.5
64,5,0.0,0.1,True,1.113904595375061,0.5,1.1134833097457886,0.5
64,5,0.0,0.1,False,3307.002685546875,0.5,3312.674560546875,0.5
64,5,0.0,0.001,True,0.5794369578361511,0.6094259023666382,0.5793048739433289,0.6079640984535217
64,5,0.0,0.001,False,0.5149589776992798,0.7153003811836243,0.5143469572067261,0.7178912162780762
64,5,0.0,0.0001,True,0.6911414265632629,0.5,0.6911656856536865,0.5
64,5,0.0,0.0001,False,0.6753924489021301,0.5071428418159485,0.6756333112716675,0.5059823989868164
64,5,0.3,0.01,True,0.6912049055099487,0.5772229433059692,0.6912068724632263,0.5777715444564819
64,5,0.3,0.01,False,0.6782219409942627,0.5,0.6786613464355469,0.5
64,5,0.3,0.1,True,0.7016136050224304,0.5,0.701805591583252,0.5000934600830078
64,5,0.3,0.1,False,43390.07421875,0.5,43371.28515625,0.5
64,5,0.3,0.001,True,0.6484192609786987,0.5122830271720886,0.6501352787017822,0.5113105177879333
64,5,0.3,0.001,False,0.5497795939445496,0.6930707693099976,0.5508320927619934,0.6905028820037842
64,5,0.3,0.0001,True,0.6931400299072266,0.630614161491394,0.6931400299072266,0.630304753780365
64,5,0.3,0.0001,False,0.6829404830932617,0.4999866485595703,0.6829658150672913,0.5
64,5,0.5,0.01,True,0.5589818954467773,0.7359011769294739,0.5592148303985596,0.7318190336227417
64,5,0.5,0.01,False,0.6537043452262878,0.5071027874946594,0.6534280180931091,0.506449818611145
64,5,0.5,0.1,True,0.7408850789070129,0.5008811950683594,0.7410908341407776,0.5012151598930359
64,5,0.5,0.1,False,13255.962890625,0.5,13236.873046875,0.5
64,5,0.5,0.001,True,0.6594856381416321,0.501068115234375,0.660433828830719,0.5009347796440125
64,5,0.5,0.001,False,0.6704511642456055,0.5000400543212891,0.670561671257019,0.5
64,5,0.5,0.0001,True,0.6927573680877686,0.5079839825630188,0.6928176283836365,0.5080388784408569
64,5,0.5,0.0001,False,0.6885934472084045,0.5005207061767578,0.6887229084968567,0.5006543397903442
64,5,0.8,0.01,True,0.6846991777420044,0.5789719820022583,0.6852415204048157,0.5809497237205505
64,5,0.8,0.01,False,0.6946714520454407,0.5009479522705078,0.6948493123054504,0.500747799873352
64,5,0.8,0.1,True,0.7044162750244141,0.5,0.7017365097999573,0.5
64,5,0.8,0.1,False,15.263912200927734,0.5004138946533203,15.506598472595215,0.500373899936676
64,5,0.8,0.001,True,0.6929770708084106,0.5276368260383606,0.6929485201835632,0.5280426144599915
64,5,0.8,0.001,False,0.6671740412712097,0.5132443308830261,0.6730325222015381,0.5128995776176453
64,5,0.8,0.0001,True,0.7076330184936523,0.5000667572021484,0.7055312991142273,0.5000934600830078
64,5,0.8,0.0001,False,0.6950491070747375,0.5043390989303589,0.694464385509491,0.5036455392837524
128,1,0.0,0.01,True,0.4866540729999542,0.7271695733070374,0.4856855869293213,0.7315385937690735
128,1,0.0,0.01,False,0.5063046216964722,0.709172248840332,0.5054425001144409,0.7128435373306274
128,1,0.0,0.1,True,2.8671157360076904,0.5,2.8441429138183594,0.5
128,1,0.0,0.1,False,1.1474510431289673,0.5,1.1474510431289673,0.5
128,1,0.0,0.001,True,0.5172287821769714,0.7191321849822998,0.5182211399078369,0.7195737361907959
128,1,0.0,0.001,False,0.5340108275413513,0.7027636766433716,0.535112202167511,0.7013460397720337
128,1,0.0,0.0001,True,0.6762243509292603,0.5,0.676491379737854,0.5527201294898987
128,1,0.0,0.0001,False,0.6717928051948547,0.5840854644775391,0.6721109747886658,0.5844082832336426
128,1,0.3,0.01,True,0.5009307861328125,0.7142723798751831,0.5005950927734375,0.7186390161514282
128,1,0.3,0.01,False,0.5056901574134827,0.7140320539474487,0.5051975250244141,0.7196672558784485
128,1,0.3,0.1,True,2.198472023010254,0.5000133514404297,2.187877655029297,0.5
128,1,0.3,0.1,False,1.7302486896514893,0.5,1.7187308073043823,0.5
128,1,0.3,0.001,True,0.53938889503479,0.7349532842636108,0.5409656763076782,0.7353711128234863
128,1,0.3,0.001,False,0.5618399381637573,0.7049666047096252,0.5628920793533325,0.7032155394554138
128,1,0.3,0.0001,True,0.6788139939308167,0.5,0.6790280342102051,0.5
128,1,0.3,0.0001,False,0.6771305799484253,0.5001068115234375,0.6776126623153687,0.5507571697235107
128,1,0.5,0.01,True,0.5046678185462952,0.7139652967453003,0.5047973990440369,0.7186390161514282
128,1,0.5,0.01,False,0.5039221048355103,0.7130039930343628,0.502558708190918,0.7167695164680481
128,1,0.5,0.1,True,1.8578367233276367,0.5,1.8455941677093506,0.5
128,1,0.5,0.1,False,3.1746606826782227,0.5,3.1616437435150146,0.5
128,1,0.5,0.001,True,0.5177972316741943,0.7304539680480957,0.5190572738647461,0.7305103540420532
128,1,0.5,0.001,False,0.5450425148010254,0.7292790412902832,0.5461774468421936,0.727893054485321
128,1,0.5,0.0001,True,0.6767607927322388,0.5014151930809021,0.6767984628677368,0.5020564794540405
128,1,0.5,0.0001,False,0.6785337924957275,0.5000801086425781,0.6789212822914124,0.5
128,1,0.8,0.01,True,0.5126287937164307,0.7233911752700806,0.5120024085044861,0.7260235548019409
128,1,0.8,0.01,False,0.5147107839584351,0.7282910346984863,0.5155636072158813,0.7291082739830017
128,1,0.8,0.1,True,3.245532274246216,0.5,3.221580982208252,0.5
128,1,0.8,0.1,False,1.7835334539413452,0.5,1.7706763744354248,0.5
128,1,0.8,0.001,True,0.5531696081161499,0.708531379699707,0.5549231767654419,0.7063002586364746
128,1,0.8,0.001,False,0.5401158928871155,0.7326835989952087,0.5423909425735474,0.7291082739830017
128,1,0.8,0.0001,True,0.6863763332366943,0.5005073547363281,0.6878978610038757,0.5005608797073364
128,1,0.8,0.0001,False,0.6778563857078552,0.5030707716941833,0.6782592535018921,0.5037389993667603
128,2,0.0,0.01,True,0.5006746649742126,0.7206408381462097,0.5010879039764404,0.7245279550552368
128,2,0.0,0.01,False,1.1150989532470703,0.5,1.1146972179412842,0.5
128,2,0.0,0.1,True,82032.390625,0.5,82051.1640625,0.5
128,2,0.0,0.1,False,20.8719425201416,0.5,20.882587432861328,0.5
128,2,0.0,0.001,True,0.5049576759338379,0.7174632549285889,0.5053137540817261,0.7196672558784485
128,2,0.0,0.001,False,0.5007625222206116,0.7211348414421082,0.5007874369621277,0.723686695098877
128,2,0.0,0.0001,True,0.6689027547836304,0.5,0.6693978309631348,0.5
128,2,0.0,0.0001,False,0.66451495885849,0.5,0.6650599837303162,0.5
128,2,0.3,0.01,True,0.5067102313041687,0.725433886051178,0.5077720880508423,0.7263974547386169
128,2,0.3,0.01,False,0.7110568284988403,0.5,0.7116740345954895,0.5
128,2,0.3,0.1,True,912.456298828125,0.5,917.9402465820312,0.5
128,2,0.3,0.1,False,9.796318054199219,0.500213623046875,9.930060386657715,0.5
128,2,0.3,0.001,True,0.5128785967826843,0.7186782360076904,0.5141305327415466,0.7215367555618286
128,2,0.3,0.001,False,0.49546635150909424,0.7251402139663696,0.4958963394165039,0.727519154548645
128,2,0.3,0.0001,True,0.6741818785667419,0.5,0.67463219165802,0.6211441159248352
128,2,0.3,0.0001,False,0.6682603359222412,0.5000133514404297,0.6689000129699707,0.5
128,2,0.5,0.01,True,0.6843183636665344,0.5000934600830078,0.6847929954528809,0.5002804398536682
128,2,0.5,0.01,False,0.6660102009773254,0.5273564457893372,0.6660533547401428,0.5288838744163513
128,2,0.5,0.1,True,8203.0703125,0.5,8215.4345703125,0.5
128,2,0.5,0.1,False,11367.2041015625,0.5,11425.3251953125,0.5
128,2,0.5,0.001,True,0.5190293192863464,0.7179172039031982,0.5198087692260742,0.7216302156448364
128,2,0.5,0.001,False,0.517108678817749,0.7242056131362915,0.5188823938369751,0.726771354675293
128,2,0.5,0.0001,True,0.6830455660820007,0.5000400543212891,0.6832481622695923,0.4999065101146698
128,2,0.5,0.0001,False,0.675968587398529,0.5000133514404297,0.6764826774597168,0.5
128,2,0.8,0.01,True,0.531285285949707,0.7201067805290222,0.5306057333946228,0.7217236757278442
128,2,0.8,0.01,False,0.6897761225700378,0.502656877040863,0.6901720762252808,0.5028977394104004
128,2,0.8,0.1,True,0.7893354892730713,0.5086515545845032,0.8024983406066895,0.5085997581481934
128,2,0.8,0.1,False,16.70968246459961,0.5042189359664917,16.763002395629883,0.5034586191177368
128,2,0.8,0.001,True,0.6657100915908813,0.5072363018989563,0.6672587394714355,0.5069171786308289
128,2,0.8,0.001,False,0.5274565815925598,0.7276902794837952,0.5298832654953003,0.7312581539154053
128,2,0.8,0.0001,True,0.6837165951728821,0.5031108260154724,0.6844269633293152,0.502336859703064
128,2,0.8,0.0001,False,0.6740548610687256,0.5019358992576599,0.67476487159729,0.5016825795173645
128,3,0.0,0.01,True,0.49585723876953125,0.7185447216033936,0.4951593279838562,0.7220975756645203
128,3,0.0,0.01,False,1.2445639371871948,0.5,1.2457540035247803,0.5
128,3,0.0,0.1,True,10227.3349609375,0.5,10252.916015625,0.5
128,3,0.0,0.1,False,23870.693359375,0.5,24067.169921875,0.5
128,3,0.0,0.001,True,0.5341417789459229,0.7111749053001404,0.5339999198913574,0.7139652371406555
128,3,0.0,0.001,False,0.49846071004867554,0.7196128368377686,0.49800923466682434,0.7220975756645203
128,3,0.0,0.0001,True,0.6693055629730225,0.5,0.669503927230835,0.5
128,3,0.0,0.0001,False,0.667526364326477,0.5,0.6676478981971741,0.5
128,3,0.3,0.01,True,0.49727246165275574,0.7322697043418884,0.4972437024116516,0.7321929335594177
128,3,0.3,0.01,False,0.6837480068206787,0.5,0.6848077774047852,0.5
128,3,0.3,0.1,True,2139.677978515625,0.5,2139.4267578125,0.5
128,3,0.3,0.1,False,12271.8134765625,0.5,12356.2265625,0.5
128,3,0.3,0.001,True,0.5085748434066772,0.7214018702507019,0.5086459517478943,0.7228453755378723
128,3,0.3,0.001,False,0.49780508875846863,0.7207075953483582,0.49753352999687195,0.723686695098877
128,3,0.3,0.0001,True,0.672852098941803,0.5,0.6732003688812256,0.5
128,3,0.3,0.0001,False,0.6674758195877075,0.5,0.6678182482719421,0.5
128,3,0.5,0.01,True,0.6798468828201294,0.5012016296386719,0.6798161864280701,0.500373899936676
128,3,0.5,0.01,False,0.7466279864311218,0.5,0.7496511936187744,0.5
128,3,0.5,0.1,True,3.4035439491271973,0.5011348724365234,3.423295736312866,0.5014955997467041
128,3,0.5,0.1,False,320426.625,0.5,320444.4375,0.5
128,3,0.5,0.001,True,0.5345396995544434,0.7141388654708862,0.5336372256278992,0.7168629765510559
128,3,0.5,0.001,False,0.5140794515609741,0.72148197889328,0.5154054760932922,0.7237801551818848
128,3,0.5,0.0001,True,0.6739701628684998,0.5012283325195312,0.6740113496780396,0.5017760396003723
128,3,0.5,0.0001,False,0.6719719767570496,0.5000133514404297,0.6724477410316467,0.5
128,3,0.8,0.01,True,0.701542854309082,0.5026034712791443,0.7042444348335266,0.5018694996833801
128,3,0.8,0.01,False,0.6899481415748596,0.5009078979492188,0.6914206147193909,0.5010282397270203
128,3,0.8,0.1,True,283.666748046875,0.5019626021385193,283.16583251953125,0.5021499395370483
128,3,0.8,0.1,False,10804.41015625,0.5000267028808594,10872.3623046875,0.5
128,3,0.8,0.001,True,0.6784883141517639,0.502229630947113,0.6791126728057861,0.5017760396003723
128,3,0.8,0.001,False,0.5293715596199036,0.7181975841522217,0.5307595133781433,0.7180781364440918
128,3,0.8,0.0001,True,0.6919053792953491,0.5107476711273193,0.691851019859314,0.5092540383338928
128,3,0.8,0.0001,False,0.6794848442077637,0.5027636885643005,0.6788070797920227,0.5034586191177368
128,4,0.0,0.01,True,0.6817225217819214,0.5,0.681858479976654,0.5
128,4,0.0,0.01,False,0.672037661075592,0.5055006742477417,0.6722871661186218,0.5050476789474487
128,4,0.0,0.1,True,162.40870666503906,0.5,162.56117248535156,0.5
128,4,0.0,0.1,False,13562.7294921875,0.5,13576.4306640625,0.5
128,4,0.0,0.001,True,0.5473332405090332,0.7191989421844482,0.5468832850456238,0.7196672558784485
128,4,0.0,0.001,False,0.49470940232276917,0.7207209467887878,0.49442601203918457,0.7233127951622009
128,4,0.0,0.0001,True,0.6802517175674438,0.5,0.6803656220436096,0.5
128,4,0.0,0.0001,False,0.6676491498947144,0.5,0.6680824160575867,0.5
128,4,0.3,0.01,True,0.5341880917549133,0.7175166606903076,0.5337189435958862,0.7205085158348083
128,4,0.3,0.01,False,0.6837078928947449,0.4989319145679474,0.6840100884437561,0.4988783001899719
128,4,0.3,0.1,True,74.12545776367188,0.5000934600830078,74.5409927368164,0.5000934600830078
128,4,0.3,0.1,False,278634688.0,0.5,278992000.0,0.5
128,4,0.3,0.001,True,0.5577132105827332,0.658237636089325,0.5576988458633423,0.6575995683670044
128,4,0.3,0.001,False,0.4944062829017639,0.7246195077896118,0.4935731589794159,0.7253692150115967
128,4,0.3,0.0001,True,0.6733623743057251,0.5009078979492188,0.6735265254974365,0.500747799873352
128,4,0.3,0.0001,False,0.6684668064117432,0.5,0.6690157651901245,0.5
128,4,0.5,0.01,True,0.5356026291847229,0.7192256450653076,0.533952534198761,0.7215367555618286
128,4,0.5,0.01,False,0.6867629885673523,0.5,0.6871596574783325,0.5
128,4,0.5,0.1,True,1490.0645751953125,0.5070894360542297,1486.66015625,0.506823718547821
128,4,0.5,0.1,False,74666.9921875,0.5,76097.21875,0.5
128,4,0.5,0.001,True,0.6652724146842957,0.5042723417282104,0.6651293635368347,0.5042064189910889
128,4,0.5,0.001,False,0.5140604376792908,0.7211081385612488,0.5149825215339661,0.7226584553718567
128,4,0.5,0.0001,True,0.6792475581169128,0.5080907940864563,0.6792623400688171,0.5085997581481934
128,4,0.5,0.0001,False,0.6679496765136719,0.5,0.6686992049217224,0.5
128,4,0.8,0.01,True,0.6765503883361816,0.5220694541931152,0.6767949461936951,0.5219666957855225
128,4,0.8,0.01,False,0.7018235325813293,0.5017222762107849,0.7005759477615356,0.5026172995567322
128,4,0.8,0.1,True,54.092750549316406,0.5139119029045105,53.80582809448242,0.514862596988678
128,4,0.8,0.1,False,8462.732421875,0.5009746551513672,8644.50390625,0.5011216998100281
128,4,0.8,0.001,True,0.6721936464309692,0.5159546136856079,0.6701554656028748,0.5155169367790222
128,4,0.8,0.001,False,0.5342792868614197,0.7222563624382019,0.5410641431808472,0.7216302156448364
128,4,0.8,0.0001,True,0.687804102897644,0.51694256067276,0.6885276436805725,0.5158908367156982
128,4,0.8,0.0001,False,0.6826189160346985,0.504806399345398,0.6825369596481323,0.5058889389038086
128,5,0.0,0.01,True,0.6381716728210449,0.7059679627418518,0.6356407403945923,0.7089175581932068
128,5,0.0,0.01,False,0.6784002780914307,0.5,0.6787564158439636,0.5
128,5,0.0,0.1,True,0.6933251619338989,0.5,0.6933252215385437,0.5
128,5,0.0,0.1,False,3921.458251953125,0.5,3938.951904296875,0.5
128,5,0.0,0.001,True,0.5656107068061829,0.6448731422424316,0.565300464630127,0.6411478519439697
128,5,0.0,0.001,False,0.517302930355072,0.7255540490150452,0.5184627771377563,0.7283604145050049
128,5,0.0,0.0001,True,0.6865745782852173,0.5,0.6866375207901001,0.5
128,5,0.0,0.0001,False,0.6678621768951416,0.5,0.668208122253418,0.5
128,5,0.3,0.01,True,0.683565080165863,0.5042322874069214,0.683630645275116,0.5046737790107727
128,5,0.3,0.01,False,0.6857017874717712,0.5,0.6859574317932129,0.5
128,5,0.3,0.1,True,415.289794921875,0.5070226788520813,415.7033996582031,0.5074780583381653
128,5,0.3,0.1,False,570307.4375,0.5,570239.375,0.5
128,5,0.3,0.001,True,0.6696301698684692,0.5007343292236328,0.6697229146957397,0.5009347796440125
128,5,0.3,0.001,False,0.4947317838668823,0.7198398113250732,0.4939783811569214,0.7231258153915405
128,5,0.3,0.0001,True,0.6772943139076233,0.501068115234375,0.6776818633079529,0.5011216998100281
128,5,0.3,0.0001,False,0.6688069105148315,0.5,0.6692330241203308,0.5
128,5,0.5,0.01,True,0.6729777455329895,0.5117623209953308,0.673390805721283,0.5104692578315735
128,5,0.5,0.01,False,0.6905338168144226,0.5,0.691306471824646,0.5
128,5,0.5,0.1,True,4.767505168914795,0.5069292187690735,4.732065200805664,0.5085062384605408
128,5,0.5,0.1,False,258174.359375,0.5,259489.953125,0.5
128,5,0.5,0.001,True,0.6371362805366516,0.5206542015075684,0.6374132633209229,0.5201907157897949
128,5,0.5,0.001,False,0.5597708225250244,0.7106408476829529,0.5595752596855164,0.7151803970336914
128,5,0.5,0.0001,True,0.6927996277809143,0.5125901103019714,0.6928160786628723,0.5135539174079895
128,5,0.5,0.0001,False,0.6698999404907227,0.5000133514404297,0.6704724431037903,0.5
128,5,0.8,0.01,True,0.6564611792564392,0.661575436592102,0.6566026210784912,0.6586278080940247
128,5,0.8,0.01,False,0.7044561505317688,0.5015220046043396,0.7030052542686462,0.5011216998100281
128,5,0.8,0.1,True,13.439003944396973,0.5292657017707825,12.660171508789062,0.5312207937240601
128,5,0.8,0.1,False,2.1880831718444824,0.5,2.156428813934326,0.5000934600830078
128,5,0.8,0.001,True,0.6895799040794373,0.5418691635131836,0.6902501583099365,0.5386053323745728
128,5,0.8,0.001,False,0.6715109944343567,0.5123230814933777,0.6746691465377808,0.5142082571983337
128,5,0.8,0.0001,True,0.693304717540741,0.5276101231575012,0.6935446262359619,0.5299121141433716
128,5,0.8,0.0001,False,0.701671838760376,0.5028972029685974,0.7030810117721558,0.502336859703064
